GLNumber,GLName,GLGroup
41001001,Product Sales,Gross Product Sales
41001001,Sales of Product Income,Gross Product Sales
41003001,Subscription Revenue,Subscription
41004001,Partnership Delivery Revenue,Delivery Revenue
41006001,Chargebacks,Chargebacks and Refunds
41011001,Sales Discounts,Product Sale Discounts
41012001,Unapplied Cash Payment Income,Gross Product Sales
41016001,Refunds,Chargebacks and Refunds
41021001,GoPuff Ads Revenue,Data Licensing & SIPs Revenue
41023001,Liquidation Revenue,Gross Product Sales
41026001,Data Licensing Revenue,Data Licensing & SIPs Revenue
41027001,Consignment Expense Contra Revenue,Other revenue
41028001,Priority Fee Revenue,Delivery Revenue
51001001,COGS,Direct Product Costs
51001003,COGS: Product Manual,Direct Product Costs
51005001,COGS:Purchases Packages,Order Packaging (Bags)
51005002,COGS: Deliver Costs - Bags,Order Packaging (Bags)
51006001,COGS: BD Partnerships,Global Ads Contra COGS
51006002,COGS: GMS,Global Ads Contra COGS
51006002,Merchandise Billing,Global Ads Contra COGS
51008001,COGS: Merchandising Incentives,Merch Incentives
51011001,COGS: Shrink Reserve,Inventory Reserves
51013001,COGS: Purch Price Variance,Purchase Price Variance
51016001,Contra COGS: Trade Rate,Merch Incentives
51017001,Contra COGS: Citrus Ad,Global Ads Contra COGS
51018001,COGS: Partnerships,Partnership Fees
51021001,COGS: Damaged & Expired,Damaged and Expired
51022001,COGS: Cycle Count Adjustments,Damaged and Expired
51023001,Discounts and Allowances,Non-Transactional Shrink
51024001,COGS: Other Operational Shrink,Non-Transactional Shrink
51025001,Inventory Reserves - E&O,Inventory Reserves
61105001,Uber Eats Commission,Partnership Fees
61207001,Warehouse Maintenance and Pest Costs,Utilities and Facilities
61207002,Equipment rental expense,Utilities and Facilities
61207003,Stickers,Utilities and Facilities
61207005,MFC Equipment (less than 1000),Utilities and Facilities
61207005,MFC Equipment (less than 1000) and Supplies,Utilities and Facilities
61301001,Freight & Delivery Outbound,Inbound Freight and DC Costs
61302001,Freight & Delivery Inbound,Inbound Freight and DC Costs
61303001,Freight and Delivery Charge,Inbound Freight and DC Costs
61401001,Bag Labels,Order Packaging (Bags)
61403002,Fines: Motor Vehicle,Other MFC Opex
61405001,Shipping Expense,Other Corp SG&A
61406001,MFC Supplies,Other MFC Opex
61406001,Office Supplies,Other MFC Opex
61408002,Moped Variable costs,Other MFC Opex
61408003,Bike Variable costs,Other MFC Opex
61408004,Owned bike variable costs,Other MFC Opex
61408005,Bike charger,Other MFC Opex
61408006,Lost/Recovered bike,Other MFC Opex
61408007,Moped charger,Other MFC Opex
61408008,Lost/Recovered moped,Other MFC Opex
61412001,Telephone - Cellular,Other MFC Opex
61412002,Telephone - 5G Connectivity,Other MFC Opex
61412003,Telephone - MFC Phones,Other MFC Opex
61416001,Payroll Service Charge,Other Corp SG&A
61418001,Credit Card Chargebacks,Chargebacks and Refunds
61499001,Other Operating,Other Corp SG&A
62101001,Employer Payroll Taxes Expense,Corp S&W
62104001,Salaries & Wage,Corp S&W
62104002,Sal & Wages: Customer Support,Corp S&W
62104002,Sal & Wages: Customer Support and ops,Corp S&W
62104003,Sal & Wages: W/H Costs,Corp S&W
62104004,Salaries & Wage: NI,Corp S&W
62104005,Salaries & Wage: MFC,Corp S&W
62105001,1099 Driver Pay,Driver Earnings
62106001,1099 Driver Pay Tips,Driver Earnings
62107001,OA Salaries & Wages,Operation Wages
62109001,W2 Driver Pay,Driver Earnings
62110001,W2 Driver Pay Tips,Driver Earnings
62113001,Vacation,Corp S&W
62116001,Employers National Insurance,Corp S&W
62116301,Employers National Insurance - Hourly,Operation Wages
62118001,Temporary Help,Corp S&W
62119001,Severance,Severance
62120001,Apprenticeship Levy,Corp S&W
62121001,Bonus Expense,Corp S&W
62122001,Sign-on Bonus Expense,Corp S&W
62125001,Gopuff Allocated Salaries,Corp S&W
62201001,Benefits Expense,Corp S&W
62204001,Employee Reimbursements,Corp S&W
62206001,Employee Incentives,Corp S&W
62207001,GTL Insurance,Corp S&W
62208001,Misc Employee Deductions,Corp S&W
62209001,Employee Health Insurance,Corp S&W
62212001,Other Employee Benefits,Other Corp SG&A
62213001,Seminar & Training,Other MFC Opex
62214001,Dental Insurance,Corp S&W
62215001,Office Meals,Other Corp SG&A
62219001,Pensions Costs,Corp S&W
62219002,Pension Costs: MFC,Corp S&W
62219002,Pension Costs: MFC Salaried,Corp S&W
62220001,Medical Insurance,Corp S&W
63101001,Depr: Computer & Office Equipment,Depreciation
63102001,Depr: Furniture & Fixtures,Depreciation
63103001,Depr: Leasehold Improvements,Depreciation
63104001,Depr: Auto,Depreciation
63109001,Depr: Machinery & Equipment,Depreciation
63199001,Depr: Other,Depreciation
63201001,Facilities Rent,MFC Rent
63201002,Fac Rent: Serv Charge,MFC Rent
63201003,Fac Rent: Business Rates,MFC Rent
63202001,Equipment Rental,Other MFC Opex
63202002,Delivery Costs: Moped Rental,Other MFC Opex
63203001,Fixed Lease Cost - Real Estate,MFC Rent
63204001,Fixed Lease Cost - Vehicles,Other MFC Opex
63205001,Rent Clearing - Real Estate,MFC Rent
63206001,Rent Clearing - Equipment,Other MFC Opex
63208001,Variable Lease Cost - Variable Rent Other,MFC Rent
63209001,"Variable Lease Cost - CAM, Insurance, Taxes and other",MFC Rent
63210001,Short-term lease costs,MFC Rent
63211001,Lease Termination Cost,Lease Termination
63212001,Gain/Loss on lease adjustments,Lease Adj Gains/Losses
63301001,Janitorial Expense,Utilities and Facilities
63302001,Security Expenses,Other MFC Opex
63302002,Security: Fire Alarms,Other MFC Opex
63302003,Security: FRA,Other MFC Opex
63302004,Security: Fire Extinguishers,Other MFC Opex
63302005,Security: CCTV,Other MFC Opex
63302006,Security: Alarm Monitoring,Other MFC Opex
63302007,Security: Intruder Alarms,Other MFC Opex
63302008,Security: Manned,Other MFC Opex
63302009,Security: Drugs & Alchohol,Other MFC Opex
63302010,Security: Door,Other MFC Opex
63303001,Waste Removal,Utilities and Facilities
63304001,Utilities,Utilities and Facilities
63304002,Utilities: Water,Utilities and Facilities
63304003,Utilities: Gas,Utilities and Facilities
63304004,Utilities: Electricity,Utilities and Facilities
63304005,Utilities: Cleaning service,Utilities and Facilities
63304006,Utilities: PHS,Utilities and Facilities
63305001,Repairs and Maintenance,Other MFC Opex
63305002,Repair & Maint: AC Service,Other MFC Opex
63305003,Repair & Maint: Refrigeration,Other MFC Opex
63305004,Repair & Maint: EICR,Other MFC Opex
63305005,Repair & Maint: Emergency Light Testing,Other MFC Opex
63305006,Repair & Maint: PAT,Other MFC Opex
63305007,Repair & Maint: Gas Boilers,Other MFC Opex
63305008,Repair & Maint: Roller Doors,Other MFC Opex
63305009,Repair & Maint: Auto Doors,Other MFC Opex
63305010,Repair & Maint: Water Risk Assessments,Other MFC Opex
63305011,Repair & Maint: Reactive Repair Works,Other MFC Opex
63305012,Repair & Maint: Asbestos Inspection,Other MFC Opex
63305013,Repair & Maint: Sensors,Other MFC Opex
63306001,Storage Expenses,Other MFC Opex
63309001,Leasehold Expenses,Other MFC Opex
63404001,Insurance Expense - Miscellaneous,Insurance
63404002,Bike insurance,Insurance
63404003,Owned bike Insurance,Insurance
63404004,Moped Insurance,Insurance
63501001,Adv & Promo: Paid Digital,Advertising & Promotion
63502001,Brand Ambassador Program,Advertising & Promotion
63503001,Adv &Promo: Ground & Events,Advertising & Promotion
63506001,Adv & Promo: Brand,Advertising & Promotion
63508001,Adv & Promo: Marketing Tools & Services,Advertising & Promotion
63511001,Adv & Promo: Partnerships,Advertising & Promotion
63513001,Adv & Promo: Europe Marketing,Advertising & Promotion
63601001,Prof Services: Accounting Fees,Other Corp SG&A
63601301,Audit Fees,Other Corp SG&A
63602001,Prof Services: Consulting Fees,Other Corp SG&A
63603001,Prof Services: Legal Fees,Other Corp SG&A
63605001,Prof Services: Recruiter,Other Corp SG&A
63606001,Prof Services: Real Estate Agent,Other Corp SG&A
63611001,Prof Services: Recruitment Expenses,Other Corp SG&A
63699001,Prof Services: Other,Other Corp SG&A
63801001,Office Supplies & Expenses,Other MFC Opex
63801001,Office/MFC Relocation,Other MFC Opex
63801002,Stationary,Other Corp SG&A
63802001,Dues & Subscription,Other Corp SG&A
63803001,Licenses Taxes & Fees,Other MFC Opex
63805001,Liquor Licenses Fee Expense,Other MFC Opex
64002001,Technology Software,Other Corp SG&A
64003001,Computer and Internet Expenses,Other Corp SG&A
64003001,Hardware,Other Corp SG&A
64003002,Computer and Internet Expenses: Primary,Other Corp SG&A
64003003,Computer and Internet Expenses: Secondary,Other Corp SG&A
64005001,Telecom & Phone Expense,Other MFC Opex
64101001,Credit Card Processing Fees,Credit Card Processing Fees
64102001,Merchant Account Fees,Other Corp SG&A
64104001,Bad Debt,Other Corp SG&A
64105001,Bank Service Charges,Other Corp SG&A
65001001,Travel Expense,Other Corp SG&A
65001002,Travel: International,Other Corp SG&A
65001003,Travel: Entertainment 0%,Other Corp SG&A
65002001,Meals and Entertainment,Other Corp SG&A
65003001,T&E: Automobile Expense,Other Corp SG&A
65004001,Lodging,Other Corp SG&A
65005001,Transportation,Other Corp SG&A
65099001,Travel & Entertainment - Other,Other Corp SG&A
65101001,Training/Education and Se,Other MFC Opex
66002001,Property Tax,MFC Rent
66007001,Stamp & Duty Taxes,Other MFC Opex
67002001,HR fees,Other Corp SG&A
67006001,Realized Currency Gains/Losses,Other Corp SG&A
67006302,Realized Currency Losses,Other Corp SG&A
67006303,Realized Currency Gains,Other Corp SG&A
67011001,Acquisition and Transactions Expense,Any other one-time costs
70006001,Tips Revenue,Driver Earnings
70009001,Proceeds of Sale Gain/Loss,Lease Adj Gains/Losses
70011001,Loss on Asset Write Down,Lease Adj Gains/Losses
70015001,Intercompany Services - Income,Intercompany
70099001,Other Income,Other Income
70004001,Sublease Income,Other Income
80003001,Penalties & Fines,Other MFC Opex
80004001,Test Orders,Other Corp SG&A
80005001,General Expense,Other Expense
80008001,Intercompany Services - Expense,Intercompany
80099001,Other Expense,Other Expense
81004001,Intercompany Interest Expense,Intercompany
81006001,Intercompany Expense,Intercompany
81099001,Interest Expense - Miscellaneous,Other Expense
